{
  "lstIdPost": "98",
  "nudThread": "3",
  "ckbUseProfile": "False",
  "txtPathProfile": "",
  "nudDelayFrom": "3",
  "nudDelayTo": "5",
  "ckbPostWall": "True",
  "ckbPostGroup": "False",
  "typeGroup": "1",
  "Login": "1",
  "ckbOnlyDangBaiNhomKhongKiemDuyet": "True",
  "ckbLocTrung": "True",
  "Post": "0",
  "nudCountGroupFrom": "6",
  "nudCountGroupTo": "7",
  "ckbInteractGroup": "False",
  "nudTuongTacGroupSoLuongBaiVietFrom": "1",
  "nudTuongTacGroupSoLuongBaiVietTo": "2",
  "nudTuongTacGroupDelayFrom": "1",
  "nudTuongTacGroupDelayTo": "2",
  "ckbTuongTacGroupLike": "False",
  "ckbTuongTacGroupComment": "False",
  "nudLimitTo": "2",
  "nudLimitFrom": "1",
  "ckbPostPage": "False",
  "typePage": "0",
  "nudCountPageFrom": "1",
  "nudCountPageTo": "2",
  "ckbInteractPage": "False",
  "nudTuongTacPageSoLuongBaiVietFrom": "1",
  "nudTuongTacPageSoLuongBaiVietTo": "2",
  "nudTuongTacPageDelayFrom": "1",
  "nudTuongTacPageDelayTo": "2",
  "ckbTuongTacPageLike": "False",
  "ckbTuongTacPageComment": "False",
  "ckbPostContent": "False",
  "txtPathFolderContent": "",
  "ckbPostImage": "False",
  "txtPathFolderImage": "",
  "nudCountImageFrom": "1",
  "nudCountImageTo": "2",
  "ckbPostVideo": "False",
  "txtPathFolderVideo": "",
  "nudCountVideoFrom": "1",
  "nudCountVideoTo": "2",
  "ckbDeleteAfterPost": "False"
}