{
  "nudThread": "3",
  "ckbUseProfile": "False",
  "txtPathProfile": "",
  "ckbShowImage": "True",
  "cbbFolderShare": "Default",
  "nudDelayFrom": "3",
  "nudDelayTo": "5",
  "TypeShare": "0",
  "nudShareVipXemFrom": "5",
  "nudShareVipXemTo": "8",
  "ckbShareVipLike": "False",
  "ckbShareVipComment": "False",
  "ckbInteractPost": "False",
  "ckbShareWall": "True",
  "ckbShareGroup": "False",
  "typeGroup": "1",
  "ckbOnlyShareKhongKiemDuyet": "False",
  "ckbLocTrung": "False",
  "Login": "1",
  "nudCountGroupFrom": "6",
  "nudCountGroupTo": "6",
  "ckbInteractGroup": "False",
  "nudTuongTacGroupSoLuongBaiVietFrom": "1",
  "nudTuongTacGroupSoLuongBaiVietTo": "2",
  "nudTuongTacGroupDelayFrom": "1",
  "nudTuongTacGroupDelayTo": "2",
  "ckbTuongTacGroupLike": "False",
  "ckbTuongTacGroupComment": "False",
  "ckbSharePage": "False",
  "typePage": "1",
  "nudCountPageFrom": "1",
  "nudCountPageTo": "2",
  "ckbInteractPage": "False",
  "nudTuongTacPageSoLuongBaiVietFrom": "1",
  "nudTuongTacPageSoLuongBaiVietTo": "2",
  "nudTuongTacPageDelayFrom": "1",
  "nudTuongTacPageDelayTo": "2",
  "ckbTuongTacPageLike": "False",
  "ckbTuongTacPageComment": "False"
}